Month,Year2018,Year2019,Year2020
April,30033047.65,33932772.74,42061333.65
May,39810088.57,43634599.51,35412731.66
June,32193629.94,34197418.33,37518831.36
July,33547925.75,36268873.53,40178994.42
Aug,42764484.47,45128924.63,34789023.28
Sept,32528687.53,45128924.63,35489304.38
Oct,33783522.16,45555094.82,0.00
Nov,44242714.06,36423121.4,0.00
Dec,46526414.95,41470050.015,0.00
Jan,0.00,45065568.82,46516978.63
Feb,0.00,37851454.7,37787142.85
March,0.00,38066419.54,41826888.4
